"Date ","series ","OPEN ","HIGH ","LOW ","PREV. CLOSE ","ltp ","close ","vwap ","52W H ","52W L ","VOLUME ","VALUE ","No of trades "
"01-Aug-2023","EQ","46.15","47.04","46.15","46.83","46.75","46.80","46.85","52.60","37.10","60,641","28,41,252.94","1,215"
"31-Jul-2023","EQ","47.08","47.08","46.37","46.60","46.80","46.83","46.79","52.60","37.10","27,603","12,91,559.20","916"
"28-Jul-2023","EQ","46.65","46.72","45.91","46.14","46.72","46.60","46.42","52.60","37.10","49,486","22,97,200.70","788"
"27-Jul-2023","EQ","46.61","46.61","45.90","46.14","46.23","46.14","46.19","52.60","37.10","44,724","20,65,897.07","762"
"26-Jul-2023","EQ","47.30","47.30","45.89","45.90","46.05","46.14","46.13","52.60","37.10","1,56,778","72,31,755.43","696"
"25-Jul-2023","EQ","45.70","47.05","45.61","45.70","45.95","45.90","45.78","52.60","37.10","31,754","14,53,759.75","686"
"24-Jul-2023","EQ","47.05","47.05","45.50","45.66","45.73","45.70","45.76","52.60","37.10","50,985","23,33,175.35","1,002"
"21-Jul-2023","EQ","46.07","46.07","45.57","45.88","45.80","45.66","45.81","52.60","35.30","56,407","25,83,787.80","888"
"20-Jul-2023","EQ","44.55","46.37","44.55","45.95","45.86","45.88","45.81","52.60","35.30","74,508","34,13,062.16","972"
"19-Jul-2023","EQ","44.30","46.14","44.30","45.66","45.99","45.95","45.91","52.60","35.30","40,659","18,66,776.48","818"
"18-Jul-2023","EQ","47.25","47.25","45.54","45.89","45.75","45.66","45.73","52.60","35.30","75,174","34,37,783.14","926"
"17-Jul-2023","EQ","47.05","47.05","45.41","45.67","45.90","45.89","45.87","52.60","35.30","66,385","30,45,363.58","1,163"
"14-Jul-2023","EQ","46.80","46.80","45.30","45.45","45.82","45.67","45.50","52.60","35.30","64,057","29,14,899.53","732"
"13-Jul-2023","EQ","46.04","46.04","45.20","45.56","45.60","45.45","45.71","52.60","35.30","1,06,250","48,56,327.77","919"
"12-Jul-2023","EQ","45.97","45.97","45.34","45.51","45.53","45.56","45.51","52.60","35.30","31,950","14,54,121.75","765"
"11-Jul-2023","EQ","46.60","46.60","44.61","45.22","45.41","45.51","45.51","52.60","35.30","33,887","15,42,134.33","810"
"10-Jul-2023","EQ","44.05","45.98","44.05","45.43","45.27","45.22","45.29","52.60","35.30","56,966","25,79,883.64","1,291"
"07-Jul-2023","EQ","46.24","46.24","45.21","45.76","45.74","45.43","45.55","52.60","35.30","59,648","27,17,245.83","1,109"
"06-Jul-2023","EQ","46.85","46.85","44.15","45.49","45.77","45.76","45.71","52.60","35.30","65,204","29,80,474.64","960"
"05-Jul-2023","EQ","45.68","45.68","44.72","45.21","45.51","45.49","45.48","52.60","35.30","2,12,573","96,68,418.03","936"
"04-Jul-2023","EQ","43.95","45.56","43.95","45.30","45.30","45.21","45.32","52.60","35.30","40,761","18,47,153.84","904"
"03-Jul-2023","EQ","46.50","46.50","44.71","45.15","45.34","45.30","45.35","52.60","35.30","63,535","28,81,582.47","1,708"
"30-Jun-2023","EQ","44.85","45.33","43.50","44.85","45.20","45.15","45.22","52.60","32.80","2,42,665","1,09,72,796.68","870"
"28-Jun-2023","EQ","45.03","45.03","44.26","44.55","44.93","44.85","44.78","52.60","32.80","26,893","12,04,135.12","638"
"27-Jun-2023","EQ","44.81","44.81","43.00","44.34","44.47","44.55","44.50","52.60","32.80","36,014","16,02,798.08","599"
"26-Jun-2023","EQ","45.60","45.60","44.01","44.27","44.26","44.34","44.24","52.60","32.80","31,719","14,03,188.34","924"
"23-Jun-2023","EQ","45.40","45.40","44.20","44.91","44.21","44.27","44.39","52.60","32.80","58,769","26,08,666.17","893"
"22-Jun-2023","EQ","43.90","45.72","43.90","45.26","44.71","44.91","45.11","52.60","32.80","72,298","32,61,407.75","1,037"
"21-Jun-2023","EQ","45.75","45.75","45.21","45.27","45.30","45.26","45.46","52.60","32.80","1,48,313","67,42,772.84","680"
"20-Jun-2023","EQ","45.25","46.60","45.06","45.22","45.30","45.27","45.27","52.60","32.80","84,638","38,31,873.67","794"
"19-Jun-2023","EQ","45.78","45.78","45.02","45.27","45.22","45.22","45.33","52.60","32.80","46,841","21,23,232.32","1,102"
"16-Jun-2023","EQ","45.34","45.34","44.51","44.86","45.30","45.27","45.12","52.60","32.80","45,943","20,72,874.85","860"
"15-Jun-2023","EQ","44.51","45.07","44.51","44.76","44.90","44.86","44.93","52.60","32.80","35,463","15,93,255.05","821"
"14-Jun-2023","EQ","44.24","45.12","44.21","44.63","44.67","44.76","44.73","52.60","32.80","78,340","35,04,383.15","741"
"13-Jun-2023","EQ","45.55","45.55","44.24","44.23","44.67","44.63","44.58","52.60","32.80","37,773","16,83,957.77","800"
"12-Jun-2023","EQ","44.48","44.48","43.77","43.96","44.18","44.23","44.17","52.60","32.80","96,266","42,52,367.92","1,106"
"09-Jun-2023","EQ","45.35","45.35","43.76","44.03","43.91","43.96","44.07","52.60","32.80","36,658","16,15,352.00","814"
"08-Jun-2023","EQ","45.65","45.65","42.95","44.30","44.21","44.03","44.27","52.60","32.80","48,441","21,44,618.90","874"
"07-Jun-2023","EQ","45.20","45.20","43.69","43.87","44.39","44.30","44.19","52.60","32.80","86,771","38,34,733.90","891"
"06-Jun-2023","EQ","42.50","45.15","42.50","43.83","43.96","43.87","43.93","52.60","32.80","77,486","34,03,766.78","1,016"
"05-Jun-2023","EQ","45.05","45.05","43.01","43.73","43.91","43.83","43.86","52.60","32.80","2,10,111","92,14,879.76","2,424"
"02-Jun-2023","EQ","44.85","44.85","42.25","43.55","43.74","43.73","43.69","52.60","32.80","90,429","39,50,762.80","972"
"01-Jun-2023","EQ","43.74","43.75","43.07","43.41","43.55","43.55","43.71","52.60","32.80","1,77,552","77,60,018.99","1,010"
"31-May-2023","EQ","43.72","43.72","42.81","43.24","43.45","43.41","43.31","52.60","32.80","96,806","41,92,807.41","664"
"30-May-2023","EQ","44.45","44.45","41.85","43.17","43.31","43.24","43.30","52.60","32.80","74,991","32,47,475.38","574"
"29-May-2023","EQ","44.25","44.25","41.65","42.95","43.20","43.17","43.30","52.60","32.80","1,89,371","81,99,852.21","920"
"26-May-2023","EQ","42.98","43.04","41.25","42.50","43.00","42.95","42.78","52.60","32.80","2,06,478","88,32,599.26","712"
"25-May-2023","EQ","43.50","43.50","41.71","42.22","42.60","42.50","42.43","52.60","32.80","56,343","23,90,489.27","547"
"24-May-2023","EQ","41.10","42.84","41.10","42.35","42.38","42.22","42.31","52.60","32.80","24,749","10,47,196.39","533"
"23-May-2023","EQ","42.88","42.88","41.05","42.30","42.30","42.35","42.50","52.60","32.80","3,23,690","1,37,58,402.15","755"
"22-May-2023","EQ","42.28","42.35","40.55","41.81","42.35","42.30","42.10","52.60","32.80","56,372","23,72,990.05","799"
"19-May-2023","EQ","42.28","42.28","40.55","41.79","41.75","41.81","41.59","52.60","32.80","87,875","36,54,859.90","640"
"18-May-2023","EQ","43.40","43.40","41.74","42.14","41.75","41.79","42.02","52.60","32.80","61,733","25,94,106.15","542"
"17-May-2023","EQ","43.65","43.65","41.32","42.38","42.15","42.14","42.12","52.60","32.80","67,832","28,56,839.91","839"
"16-May-2023","EQ","43.60","43.60","42.24","42.33","42.37","42.38","42.32","52.60","32.80","75,238","31,83,702.89","656"
"15-May-2023","EQ","43.40","43.40","41.56","42.15","42.35","42.33","42.28","52.60","32.80","1,41,920","60,00,308.50","980"
"12-May-2023","EQ","42.00","42.45","41.73","42.17","42.16","42.15","42.24","52.60","32.80","1,42,048","60,00,696.41","666"
"11-May-2023","EQ","42.28","42.28","41.89","41.77","42.15","42.17","42.09","52.60","32.80","38,596","16,24,367.01","616"
"10-May-2023","EQ","41.99","42.08","41.55","41.59","41.79","41.77","41.72","52.60","32.80","38,062","15,87,821.38","749"
"09-May-2023","EQ","42.90","42.90","41.30","41.63","41.60","41.59","41.73","52.60","32.80","43,271","18,05,583.90","753"
"08-May-2023","EQ","42.60","42.60","40.10","41.31","41.62","41.63","41.60","52.60","32.80","34,906","14,51,936.92","1,160"
"05-May-2023","EQ","41.43","41.65","40.05","41.27","41.34","41.31","41.46","52.60","32.80","53,236","22,07,329.75","968"
"04-May-2023","EQ","42.35","42.35","39.85","41.10","41.25","41.27","41.39","52.60","32.80","2,03,875","84,38,039.60","732"
"03-May-2023","EQ","41.10","41.58","40.83","41.09","41.00","41.10","41.11","52.60","32.80","37,399","15,37,597.56","979"
"02-May-2023","EQ","41.18","41.18","40.22","40.68","40.97","41.09","41.05","52.60","32.80","2,04,743","84,05,008.51","1,736"
"28-Apr-2023","EQ","40.20","40.80","40.20","40.19","40.75","40.68","40.59","52.60","32.80","48,593","19,72,453.17","638"
"27-Apr-2023","EQ","40.60","40.60","39.86","40.16","40.25","40.19","40.10","52.60","32.80","1,18,750","47,61,807.71","586"
"26-Apr-2023","EQ","40.60","40.60","39.91","39.94","40.12","40.16","40.08","52.60","32.80","23,647","9,47,675.38","503"
"25-Apr-2023","EQ","40.22","40.22","39.51","39.74","39.90","39.94","39.93","52.60","32.80","2,58,998","1,03,40,916.85","648"
"24-Apr-2023","EQ","40.85","40.85","39.63","39.63","39.70","39.74","39.75","52.60","32.80","30,484","12,11,811.90","792"
"21-Apr-2023","EQ","39.21","40.22","39.21","39.73","39.66","39.63","39.69","52.60","32.80","67,703","26,87,340.72","522"
"20-Apr-2023","EQ","40.23","40.23","39.68","39.73","39.75","39.73","39.81","52.60","32.80","38,080","15,15,864.50","549"
"19-Apr-2023","EQ","41.30","41.30","39.62","40.10","39.70","39.73","39.90","52.60","32.80","39,755","15,86,053.57","650"
"18-Apr-2023","EQ","41.05","41.05","38.65","39.87","40.11","40.10","39.95","52.60","32.80","58,761","23,47,761.25","725"
"17-Apr-2023","EQ","39.80","40.09","38.45","39.65","39.90","39.87","39.76","52.60","32.80","55,846","22,20,378.35","1,383"
"13-Apr-2023","EQ","40.24","40.24","39.54","39.74","39.79","39.65","39.61","52.60","32.80","4,02,470","1,59,41,816.55","1,181"
"12-Apr-2023","EQ","40.18","40.18","39.38","39.67","39.75","39.74","39.71","52.60","32.80","37,609","14,93,635.26","763"
"11-Apr-2023","EQ","38.40","40.09","38.40","39.59","39.70","39.67","39.70","52.60","32.80","33,528","13,31,018.62","731"
"10-Apr-2023","EQ","39.50","39.98","38.30","39.50","39.61","39.59","39.59","52.60","32.80","55,180","21,84,700.69","1,489"
"06-Apr-2023","EQ","39.78","39.78","39.00","39.29","39.54","39.50","39.47","52.60","32.80","61,421","24,24,159.08","920"
"05-Apr-2023","EQ","40.25","40.25","37.90","39.07","39.27","39.29","39.19","52.60","32.80","39,549","15,49,838.48","1,232"
"03-Apr-2023","EQ","39.44","39.44","38.04","38.91","39.11","39.07","39.05","52.60","32.80","69,030","26,95,813.15","1,592"
"31-Mar-2023","EQ","38.98","39.09","38.05","38.39","39.07","38.91","38.89","52.60","32.80","85,234","33,14,575.80","859"
"29-Mar-2023","EQ","37.10","38.74","37.10","38.24","38.59","38.39","38.35","52.60","32.80","76,907","29,49,736.69","524"
"28-Mar-2023","EQ","39.80","39.80","37.50","38.65","38.25","38.24","38.29","52.60","32.80","73,040","27,96,452.23","943"
"27-Mar-2023","EQ","39.17","39.18","38.25","38.67","38.50","38.65","38.67","52.60","32.80","1,50,158","58,06,499.79","984"
"24-Mar-2023","EQ","39.48","39.48","38.44","39.02","38.46","38.67","38.77","52.60","32.80","1,21,157","46,97,048.56","903"
"23-Mar-2023","EQ","39.78","39.78","38.10","39.28","39.14","39.02","39.11","52.60","32.80","42,960","16,80,155.31","666"
"22-Mar-2023","EQ","39.48","39.48","38.72","38.96","39.30","39.28","39.37","52.60","32.80","1,30,871","51,51,995.44","641"
"21-Mar-2023","EQ","40.20","40.20","38.75","39.03","38.95","38.96","38.95","52.60","32.80","29,875","11,63,526.13","647"
"20-Mar-2023","EQ","40.20","40.20","37.50","39.06","38.70","39.03","38.74","52.60","32.80","2,46,772","95,59,627.17","1,317"
"17-Mar-2023","EQ","40.05","40.05","39.01","38.86","39.05","39.06","39.11","52.60","32.80","1,49,915","58,63,398.59","684"
"16-Mar-2023","EQ","38.99","38.99","38.02","38.68","38.85","38.86","38.53","52.60","32.80","81,512","31,40,887.13","946"
"15-Mar-2023","EQ","37.45","39.27","37.45","38.63","38.67","38.68","38.79","52.60","32.80","61,567","23,87,916.88","834"
"14-Mar-2023","EQ","39.38","39.38","38.41","38.89","38.66","38.63","38.57","52.60","32.80","94,306","36,37,385.77","1,338"
"13-Mar-2023","EQ","40.50","40.50","38.80","39.30","38.94","38.89","39.14","52.60","32.80","76,560","29,96,338.64","1,923"
"10-Mar-2023","EQ","39.78","39.78","39.01","39.54","39.39","39.30","39.28","52.60","32.80","98,105","38,53,476.97","1,351"
"09-Mar-2023","EQ","40.95","40.95","39.42","39.77","39.45","39.54","39.76","52.60","32.80","90,714","36,06,437.13","1,293"
"08-Mar-2023","EQ","38.35","39.98","38.35","39.56","39.81","39.77","39.63","52.60","32.80","69,659","27,60,506.40","1,808"
"06-Mar-2023","EQ","39.68","39.79","38.00","39.18","39.55","39.56","39.62","52.60","32.80","50,286","19,92,300.52","1,962"
"03-Mar-2023","EQ","40.15","40.15","38.81","38.98","39.16","39.18","39.25","52.60","32.80","70,337","27,60,716.47","1,298"
"02-Mar-2023","EQ","39.38","39.38","38.53","38.88","38.99","38.98","38.93","52.60","32.80","79,435","30,92,773.01","1,281"
"01-Mar-2023","EQ","38.98","38.98","38.21","38.50","38.80","38.88","38.82","52.60","32.80","58,866","22,85,260.39","1,486"
"28-Feb-2023","EQ","39.55","39.55","38.06","38.39","38.50","38.50","38.48","52.60","32.80","69,871","26,88,780.02","1,320"
"27-Feb-2023","EQ","39.18","39.18","38.09","38.69","38.42","38.39","38.22","52.60","32.80","2,43,135","92,92,679.30","1,984"
"24-Feb-2023","EQ","39.38","39.38","38.52","38.84","38.70","38.69","38.79","52.60","32.80","45,859","17,78,804.59","967"
"23-Feb-2023","EQ","40.15","40.15","37.47","38.98","38.85","38.84","38.79","52.60","32.80","45,954","17,82,606.76","1,049"
"22-Feb-2023","EQ","40.70","40.70","38.88","39.50","38.92","38.98","39.02","52.60","32.80","1,08,976","42,52,133.45","1,695"
"21-Feb-2023","EQ","40.80","40.80","38.40","39.60","39.53","39.50","39.64","52.60","32.80","49,593","19,65,637.94","983"
"20-Feb-2023","EQ","40.70","40.70","39.14","39.52","39.60","39.60","39.63","52.60","32.80","59,936","23,75,423.89","1,445"
"17-Feb-2023","EQ","40.28","40.28","39.26","39.91","39.74","39.52","39.75","52.60","32.80","1,04,755","41,63,526.34","1,485"
"16-Feb-2023","EQ","40.75","40.75","39.57","39.57","39.90","39.91","39.89","52.60","32.80","63,489","25,32,692.13","1,326"
"15-Feb-2023","EQ","39.99","39.99","39.04","39.38","39.58","39.57","39.47","52.60","32.80","1,04,067","41,07,443.95","1,316"
"14-Feb-2023","EQ","39.94","40.19","39.05","39.46","39.37","39.38","39.47","52.60","32.80","1,27,953","50,50,443.09","1,786"
"13-Feb-2023","EQ","40.98","40.98","38.85","40.02","39.52","39.46","39.56","52.60","32.80","1,28,806","50,96,164.21","2,241"
"10-Feb-2023","EQ","41.25","41.25","39.63","40.03","40.05","40.02","40.00","52.60","32.80","40,187","16,07,459.01","1,259"
"09-Feb-2023","EQ","41.65","41.65","39.82","40.46","39.99","40.03","40.09","52.60","32.80","52,372","20,99,447.75","1,311"
"08-Feb-2023","EQ","40.38","41.10","39.32","39.92","40.24","40.46","40.37","52.60","32.80","1,44,333","58,27,438.41","1,529"
"07-Feb-2023","EQ","40.24","40.44","39.55","39.94","39.95","39.92","39.92","52.60","32.80","1,19,545","47,72,392.04","1,579"
"06-Feb-2023","EQ","40.90","40.90","39.51","39.66","40.05","39.94","39.85","52.60","32.80","1,02,494","40,84,763.70","2,353"
"03-Feb-2023","EQ","40.14","40.14","39.13","39.70","39.73","39.66","39.50","52.60","32.80","1,31,564","51,96,180.13","1,958"
"02-Feb-2023","EQ","41.15","41.15","39.02","39.80","39.79","39.70","39.75","52.60","32.80","75,971","30,19,911.07","2,020"
"01-Feb-2023","EQ","41.75","41.75","39.30","40.53","39.94","39.80","40.32","52.60","32.80","1,76,247","71,07,064.20","2,274"
"31-Jan-2023","EQ","41.25","41.25","39.88","40.03","40.56","40.53","40.44","52.60","32.80","4,11,564","1,66,43,085.71","1,599"
"30-Jan-2023","EQ","43.00","43.00","39.55","41.74","40.00","40.03","40.21","52.60","32.80","2,54,729","1,02,42,962.83","2,798"
"27-Jan-2023","EQ","40.80","43.49","40.20","42.07","42.48","41.74","40.97","52.60","32.80","3,16,315","1,29,59,239.54","2,998"
"25-Jan-2023","EQ","44.40","44.40","41.80","43.08","42.09","42.07","42.10","52.60","32.80","3,28,264","1,38,20,863.32","1,451"
"24-Jan-2023","EQ","44.50","44.50","43.01","43.17","43.11","43.08","43.18","52.60","32.80","33,622","14,51,652.42","843"
"23-Jan-2023","EQ","42.00","43.68","41.90","43.13","43.18","43.17","43.24","52.60","32.80","43,259","18,70,695.87","1,569"
"20-Jan-2023","EQ","44.55","44.55","43.05","43.27","43.18","43.13","43.29","52.60","32.80","17,656","7,64,282.47","792"
"19-Jan-2023","EQ","44.80","44.80","43.07","43.48","43.36","43.27","43.35","52.60","32.80","72,282","31,33,514.96","886"
"18-Jan-2023","EQ","43.88","43.88","43.11","43.48","43.50","43.48","43.45","52.60","32.80","18,749","8,14,617.10","792"
"17-Jan-2023","EQ","43.79","43.79","43.13","43.47","43.59","43.48","43.42","52.60","32.80","28,075","12,19,134.67","910"
"16-Jan-2023","EQ","44.70","46.00","43.22","43.39","43.90","43.47","43.61","52.60","32.80","1,08,341","47,25,004.08","1,891"
"13-Jan-2023","EQ","43.68","43.68","43.11","43.31","43.37","43.39","43.31","52.60","32.80","46,384","20,08,693.29","932"
"12-Jan-2023","EQ","41.95","44.55","41.95","43.22","43.38","43.31","43.30","52.60","32.80","71,017","30,75,149.67","965"
"11-Jan-2023","EQ","43.68","43.68","42.00","43.16","43.24","43.22","43.25","52.60","32.80","45,034","19,47,574.16","860"
"10-Jan-2023","EQ","43.46","43.87","42.92","43.43","43.27","43.16","43.22","52.60","32.80","65,516","28,31,467.68","1,189"
"09-Jan-2023","EQ","43.03","43.77","43.02","43.17","43.45","43.43","43.46","52.60","32.80","80,397","34,93,755.13","2,056"
"06-Jan-2023","EQ","43.36","43.86","43.01","43.36","43.01","43.17","43.27","52.60","32.80","39,509","17,09,405.00","1,315"
"05-Jan-2023","EQ","43.80","43.80","43.01","43.18","43.59","43.36","43.26","52.60","32.80","54,485","23,56,903.65","1,033"
"04-Jan-2023","EQ","44.99","44.99","43.12","43.80","43.12","43.18","43.40","52.60","32.80","64,788","28,11,779.14","1,351"
"03-Jan-2023","EQ","43.94","43.94","43.57","43.57","43.94","43.80","43.77","52.60","32.80","37,665","16,48,730.30","1,223"
"02-Jan-2023","EQ","45.99","45.99","43.29","43.57","43.65","43.57","43.67","52.60","32.80","49,171","21,47,420.10","2,537"
"30-Dec-2022","EQ","43.94","43.97","43.42","43.38","43.58","43.57","43.72","52.60","32.80","44,652","19,52,248.17","733"
"29-Dec-2022","EQ","43.64","43.68","43.01","43.61","43.68","43.38","43.23","52.60","32.80","1,41,816","61,31,147.12","889"
"28-Dec-2022","EQ","43.68","43.78","43.01","43.40","43.56","43.61","43.58","52.60","32.80","23,189","10,10,546.43","661"
"27-Dec-2022","EQ","43.09","43.56","42.73","43.02","43.56","43.40","43.29","52.60","32.80","53,801","23,29,135.27","876"
"26-Dec-2022","EQ","42.53","43.19","42.01","42.05","42.89","43.02","42.72","52.60","32.80","2,04,372","87,29,801.21","1,847"
"23-Dec-2022","EQ","43.68","43.68","41.81","43.70","42.14","42.05","42.58","52.60","32.80","2,66,323","1,13,40,925.90","2,158"
"22-Dec-2022","EQ","44.49","44.49","43.24","44.04","43.71","43.70","43.57","52.60","32.80","63,042","27,46,726.09","1,212"
"21-Dec-2022","EQ","44.99","44.99","43.76","44.68","44.02","44.04","44.27","52.60","32.80","1,05,367","46,64,646.80","1,212"
"20-Dec-2022","EQ","45.34","45.34","44.31","44.84","44.79","44.68","44.52","52.60","32.80","46,668","20,77,563.94","820"
"19-Dec-2022","EQ","51.00","51.00","44.03","44.39","44.85","44.84","44.50","52.60","32.80","57,457","25,56,762.55","1,667"
"16-Dec-2022","EQ","45.38","45.38","44.31","44.95","44.65","44.39","44.52","52.60","32.80","48,001","21,37,082.79","1,153"
"15-Dec-2022","EQ","45.49","45.50","44.80","45.35","44.80","44.95","45.13","52.60","32.80","1,85,059","83,51,516.33","1,470"
"14-Dec-2022","EQ","45.48","45.48","44.90","44.98","45.30","45.35","45.39","52.60","32.80","1,12,958","51,26,872.83","944"
"13-Dec-2022","EQ","45.15","49.20","39.30","45.13","44.91","44.98","45.19","52.60","32.80","28,612","12,93,052.17","906"
"12-Dec-2022","EQ","45.48","45.48","44.79","45.20","45.15","45.13","45.10","52.60","32.80","73,103","32,96,862.43","1,935"
"09-Dec-2022","EQ","45.94","45.94","44.90","45.44","45.23","45.20","45.32","52.60","32.80","1,03,122","46,73,766.48","1,988"
"08-Dec-2022","EQ","46.10","46.10","45.04","45.34","45.60","45.44","45.46","52.60","32.80","43,572","19,80,881.20","1,129"
"07-Dec-2022","EQ","46.08","46.08","44.83","45.18","45.40","45.34","45.38","52.60","32.80","52,595","23,86,743.78","1,251"
"06-Dec-2022","EQ","45.50","45.50","44.71","45.29","45.19","45.18","45.21","52.60","32.80","97,034","43,86,667.69","1,321"
"05-Dec-2022","EQ","46.00","46.16","43.00","45.25","45.35","45.29","45.24","52.60","32.80","1,08,856","49,25,135.98","2,358"
"02-Dec-2022","EQ","46.00","48.70","43.00","45.30","45.29","45.25","45.22","52.60","32.80","1,08,501","49,06,339.12","2,089"
"01-Dec-2022","EQ","45.48","45.48","44.92","44.88","45.33","45.30","45.26","52.60","32.80","1,14,225","51,69,436.93","1,693"
"30-Nov-2022","EQ","45.20","45.20","44.49","44.53","45.09","44.88","44.80","52.60","32.80","62,657","28,06,742.78","1,110"
"29-Nov-2022","EQ","44.90","44.90","43.85","44.28","44.49","44.53","44.54","52.60","32.80","44,808","19,95,820.83","756"
"28-Nov-2022","EQ","46.00","46.00","43.85","44.18","44.40","44.28","44.35","52.60","32.80","88,728","39,34,701.59","1,409"
"25-Nov-2022","EQ","44.90","44.90","43.86","44.06","44.15","44.18","44.08","52.60","32.80","39,528","17,42,474.40","897"
"24-Nov-2022","EQ","44.49","44.49","43.85","43.92","44.08","44.06","44.01","52.60","32.80","26,786","11,78,752.04","801"
"23-Nov-2022","EQ","44.49","44.49","43.66","43.86","43.97","43.92","43.94","52.60","32.80","39,599","17,39,890.70","673"
"22-Nov-2022","EQ","44.19","44.19","43.34","43.73","43.94","43.86","43.78","52.60","32.80","63,048","27,60,427.69","804"
"21-Nov-2022","EQ","46.70","46.70","42.01","43.83","43.99","43.73","43.81","52.60","32.80","47,014","20,59,496.88","1,477"
"18-Nov-2022","EQ","40.20","44.57","40.20","44.16","43.79","43.83","43.84","52.60","32.80","36,906","16,18,028.67","953"
"17-Nov-2022","EQ","45.15","45.15","44.11","44.44","44.15","44.16","44.17","52.60","32.80","2,06,773","91,32,807.15","945"
"16-Nov-2022","EQ","45.17","45.17","44.33","44.83","44.41","44.44","44.57","52.60","32.80","42,031","18,73,134.67","967"
"15-Nov-2022","EQ","46.00","46.00","44.52","44.82","44.89","44.83","44.72","52.60","32.80","37,681","16,85,216.89","1,123"
"14-Nov-2022","EQ","46.00","46.00","42.01","44.49","44.80","44.82","44.71","52.60","32.80","52,886","23,64,535.60","1,787"
"11-Nov-2022","EQ","46.00","46.00","44.12","43.97","44.54","44.49","44.45","52.60","32.80","1,25,521","55,79,891.64","1,067"
"10-Nov-2022","EQ","46.30","52.60","43.86","44.55","43.95","43.97","44.22","52.60","32.80","2,12,530","93,98,738.10","1,394"
"09-Nov-2022","EQ","46.00","50.00","42.00","44.66","44.50","44.55","44.86","51.10","32.80","1,26,994","56,97,517.91","1,778"
"07-Nov-2022","EQ","46.02","46.02","43.00","44.45","44.75","44.66","44.59","51.10","32.80","1,01,031","45,04,647.27","2,213"
"04-Nov-2022","EQ","44.58","44.59","44.02","44.31","44.50","44.45","44.36","51.10","32.80","83,649","37,10,717.20","997"
"03-Nov-2022","EQ","45.15","45.15","44.01","44.23","44.35","44.31","44.27","51.10","32.80","56,480","25,00,278.22","1,161"
"02-Nov-2022","EQ","46.00","46.00","44.03","44.32","44.36","44.23","44.38","51.10","32.80","67,315","29,87,688.80","1,088"
"01-Nov-2022","EQ","46.00","46.00","43.62","43.83","44.33","44.32","44.25","51.10","32.80","1,77,206","78,41,783.26","1,528"
"31-Oct-2022","EQ","44.90","44.90","42.01","43.55","43.86","43.83","43.77","51.10","32.80","1,00,173","43,84,461.90","1,548"
"28-Oct-2022","EQ","46.00","46.00","43.15","43.64","43.57","43.55","43.50","51.10","32.80","89,304","38,85,011.06","1,984"
"27-Oct-2022","EQ","46.00","46.00","41.00","43.28","43.63","43.64","43.58","51.10","32.80","1,12,791","49,15,614.63","1,292"
"25-Oct-2022","EQ","46.00","46.00","43.02","43.50","43.30","43.28","43.26","51.10","32.80","42,658","18,45,506.94","1,028"
"24-Oct-2022","EQ","46.02","46.02","42.01","42.99","43.39","43.50","43.66","51.10","32.80","50,868","22,20,722.77","1,620"
"21-Oct-2022","EQ","45.76","45.76","42.79","43.44","42.79","42.99","43.39","51.10","32.80","64,772","28,10,309.41","970"
"20-Oct-2022","EQ","46.90","46.90","42.99","43.06","43.20","43.44","43.31","51.10","32.80","55,771","24,15,328.71","752"
"19-Oct-2022","EQ","43.58","43.58","43.02","43.12","43.08","43.06","43.35","51.10","32.80","1,35,712","58,83,416.78","1,621"
"18-Oct-2022","EQ","43.89","43.89","42.72","42.83","42.91","43.12","43.10","51.10","32.80","81,298","35,03,660.75","853"
"17-Oct-2022","EQ","42.98","42.98","42.18","42.63","42.73","42.83","42.59","51.10","32.80","1,37,138","58,40,606.72","1,784"
"14-Oct-2022","EQ","45.54","45.54","42.48","42.75","42.87","42.63","42.95","51.10","32.80","40,560","17,42,222.42","937"
"13-Oct-2022","EQ","43.19","43.19","42.53","43.03","42.74","42.75","42.85","51.10","32.80","50,647","21,70,329.86","917"
"12-Oct-2022","EQ","44.70","44.70","42.55","42.70","43.18","43.03","42.88","51.10","32.80","1,06,749","45,77,395.65","1,152"
"11-Oct-2022","EQ","45.34","45.34","42.52","43.60","43.12","42.70","43.14","51.10","32.80","1,80,255","77,76,499.69","1,168"
"10-Oct-2022","EQ","40.71","44.28","40.71","43.97","43.65","43.60","43.54","51.10","32.80","1,65,520","72,07,297.37","2,975"
"07-Oct-2022","EQ","44.44","44.44","43.52","44.07","44.05","43.97","43.80","51.10","32.80","92,843","40,66,442.64","1,911"
"06-Oct-2022","EQ","45.40","45.40","40.71","43.65","44.12","44.07","44.09","51.10","32.80","2,28,366","1,00,69,744.04","1,497"
"04-Oct-2022","EQ","44.70","44.70","42.84","42.73","43.79","43.65","43.52","51.10","32.80","29,788","12,96,521.20","1,079"
"03-Oct-2022","EQ","43.98","43.98","40.71","43.62","42.85","42.73","43.27","51.10","32.80","90,838","39,30,315.16","2,598"
"30-Sep-2022","EQ","45.02","45.02","42.50","43.29","43.77","43.62","43.40","51.10","32.80","78,233","33,95,632.07","1,224"
"29-Sep-2022","EQ","43.98","44.08","43.11","43.35","43.44","43.29","43.46","51.10","32.80","56,766","24,67,317.25","673"
"28-Sep-2022","EQ","43.93","43.93","43.21","43.67","43.21","43.35","43.52","51.10","32.80","2,03,394","88,52,682.40","805"
"27-Sep-2022","EQ","46.90","46.90","43.20","43.59","43.55","43.67","43.59","51.10","32.80","1,65,280","72,05,057.02","972"
"26-Sep-2022","EQ","47.23","47.23","42.50","44.78","43.50","43.59","43.73","51.10","32.80","2,36,967","1,03,62,122.39","3,684"
"23-Sep-2022","EQ","45.99","45.99","44.61","45.57","44.96","44.78","45.03","51.10","32.80","1,62,618","73,23,215.16","1,377"
"22-Sep-2022","EQ","45.20","45.78","45.00","45.29","45.65","45.57","45.39","51.10","32.80","1,68,360","76,42,587.06","2,063"
"21-Sep-2022","EQ","46.48","46.48","45.20","46.09","45.20","45.29","45.73","51.10","32.80","96,576","44,16,076.38","1,288"
"20-Sep-2022","EQ","46.00","46.51","45.52","45.63","46.07","46.09","46.33","51.10","32.80","1,26,808","58,75,560.71","1,021"
"19-Sep-2022","EQ","45.98","45.98","45.00","45.47","45.74","45.63","45.53","51.10","32.80","94,670","43,10,658.19","1,689"
"16-Sep-2022","EQ","42.50","46.94","42.50","46.79","45.99","45.47","45.95","51.10","32.80","1,47,568","67,81,104.87","1,510"
"15-Sep-2022","EQ","47.20","47.20","46.41","46.55","46.94","46.79","46.70","51.10","32.80","1,22,711","57,30,170.26","1,256"
"14-Sep-2022","EQ","46.08","46.71","45.11","46.38","46.51","46.55","46.45","51.10","32.80","1,43,843","66,81,077.95","1,366"
"13-Sep-2022","EQ","50.10","50.10","41.80","45.95","46.36","46.38","46.26","51.10","32.80","1,35,177","62,53,330.52","1,109"
"12-Sep-2022","EQ","49.60","49.60","45.25","45.48","46.00","45.95","45.86","51.10","32.80","85,857","39,37,625.77","1,740"
"09-Sep-2022","EQ","47.00","47.00","44.01","45.48","45.34","45.48","45.55","51.10","32.80","62,362","28,40,694.88","1,035"
"08-Sep-2022","EQ","45.56","49.50","45.32","45.43","45.43","45.48","45.57","51.10","32.80","17,34,326","7,90,34,753.99","1,248"
"07-Sep-2022","EQ","44.57","51.10","44.57","45.25","45.49","45.43","45.36","51.10","32.80","43,237","19,61,061.50","1,203"
"06-Sep-2022","EQ","44.99","45.37","44.51","44.97","45.23","45.25","45.09","50.97","32.80","1,49,130","67,24,593.61","1,104"
"05-Sep-2022","EQ","45.50","46.30","44.82","45.03","44.91","44.97","45.06","50.97","32.80","51,680","23,28,520.83","1,786"
"02-Sep-2022","EQ","45.56","45.56","44.85","45.08","45.00","45.03","45.23","50.97","32.80","1,13,020","51,11,513.53","2,087"
"01-Sep-2022","EQ","45.00","45.19","43.53","44.98","45.19","45.08","44.75","50.97","32.80","11,68,728","5,22,95,736.80","2,424"
"30-Aug-2022","EQ","44.58","45.15","44.11","44.11","44.89","44.98","44.65","50.97","32.80","77,393","34,55,589.10","782"
"29-Aug-2022","EQ","44.29","44.29","43.18","44.29","44.19","44.11","43.95","50.97","32.80","1,39,393","61,26,843.38","1,193"
"26-Aug-2022","EQ","44.40","44.64","44.21","44.13","44.51","44.29","44.38","50.97","32.80","1,74,232","77,32,095.25","1,059"
"25-Aug-2022","EQ","44.25","44.56","44.00","43.97","44.17","44.13","44.43","50.97","32.80","75,871","33,70,727.66","817"
"24-Aug-2022","EQ","44.55","44.55","43.41","43.79","43.58","43.97","43.84","50.97","32.80","2,13,811","93,73,162.51","867"
"23-Aug-2022","EQ","44.00","44.00","43.00","43.70","43.90","43.79","43.58","50.97","32.80","1,54,487","67,32,341.51","966"
"22-Aug-2022","EQ","44.40","44.84","43.60","44.46","43.72","43.70","44.03","50.97","32.80","1,39,993","61,63,750.61","1,611"
"19-Aug-2022","EQ","45.00","45.19","44.20","44.84","44.46","44.46","44.77","50.97","32.80","1,30,352","58,35,864.50","1,056"
"18-Aug-2022","EQ","41.00","44.90","41.00","44.59","44.82","44.84","44.71","50.97","32.80","67,257","30,07,016.50","1,038"
"17-Aug-2022","EQ","44.20","44.73","44.00","44.04","44.68","44.59","44.50","50.97","32.80","61,735","27,47,009.83","1,109"
"16-Aug-2022","EQ","43.00","44.20","41.00","43.41","44.19","44.04","43.97","50.97","32.80","2,14,468","94,30,579.21","1,892"
"12-Aug-2022","EQ","43.04","43.63","43.04","43.33","43.54","43.41","43.47","50.97","32.80","34,026","14,79,161.32","946"
"11-Aug-2022","EQ","43.20","43.60","42.10","42.92","43.45","43.33","43.36","50.97","32.80","73,648","31,93,712.47","930"
"10-Aug-2022","EQ","44.63","44.63","39.20","43.08","42.94","42.92","42.98","50.97","32.80","35,555","15,28,234.24","1,411"
"08-Aug-2022","EQ","43.50","43.50","39.40","42.92","43.10","43.08","43.02","50.97","32.80","54,231","23,33,026.30","1,874"
"05-Aug-2022","EQ","43.40","43.40","42.08","42.94","42.92","42.92","43.00","50.97","32.80","79,673","34,25,936.91","836"
"04-Aug-2022","EQ","42.80","43.07","42.20","42.64","43.00","42.94","42.63","50.97","32.80","1,52,111","64,84,983.20","1,255"
"03-Aug-2022","EQ","43.20","43.36","42.35","42.93","42.71","42.64","42.52","50.97","32.80","3,62,938","1,54,33,252.23","1,149"
"02-Aug-2022","EQ","42.96","43.00","42.31","42.67","42.94","42.93","42.85","50.97","32.80","48,233","20,66,916.42","1,074"
"01-Aug-2022","EQ","43.40","43.40","40.96","42.05","42.74","42.67","42.43","50.97","32.80","65,784","27,91,507.46","1,985"